{"model": "rf_logreturn", "mae": 0.008500437508381605, "mse": 0.0001267984450470108, "rmse": 0.011260481563725895, "r2": 0.3310372045251818, "mztae": 0.5979978536658452, "directional_accuracy": 69.88511082743413}