{"model": "lstm_logreturn", "mae": 0.005505195173495779, "mse": 4.676164784260701e-05, "rmse": 0.006838248887149912, "r2": 0.7491621434222198, "mztae": 0.429022957943068, "directional_accuracy": 86.62131519274377}