{"rf": {"model": "rf_logreturn", "mae": 0.006023530584245119, "mse": 5.3414623163646404e-05, "rmse": 0.007308530848511649, "r2": 0.7134743918910634, "mztae": 0.4731621650870261, "directional_accuracy": 87.3015873015873}, "xgb": {"model": "xgb_logreturn", "mae": 0.003329238771733622, "mse": 1.9688703323459875e-05, "rmse": 0.004437195434445036, "r2": 0.8943862680572046, "mztae": 0.29265377304499557, "directional_accuracy": 94.5578231292517}, "lstm": {"model": "lstm_logreturn", "mae": 0.005505195173495779, "mse": 4.676164784260701e-05, "rmse": 0.006838248887149912, "r2": 0.7491621434222198, "mztae": 0.429022957943068, "directional_accuracy": 86.62131519274377}}