{"model": "LSTM", "mae": 0.039913844258851514, "mse": 0.004142327564112757, "rmse": 0.06436091643313321, "r2": 0.8864972210866329}