{"model": "XGBoost", "mae": 0.03117036607345994, "mse": 0.0022392866947075507, "rmse": 0.04732110200225213, "r2": 0.9385113196816265}