{"model": "Random Forest", "mae": 0.025257532191792557, "mse": 0.0016999954970219617, "rmse": 0.041231001649510796, "r2": 0.9532513712973205}