{"model": "LSTM", "mae": 0.017464286564021214, "mse": 0.0004419412168789667, "rmse": 0.021022397981176333, "r2": 0.9061599000618211, "directional_accuracy": 49.37044400265076, "mape": 1.9984129198325447, "architecture": "lstm_simple", "units": [50, 25], "dropout": 0.2, "learning_rate": 0.001}