{"model": "Random Forest", "mae": 0.26984289256574134, "mse": 0.08838341309875647, "rmse": 0.2972934797447742, "r2": -1.9528366950069316, "directional_accuracy": 48.807157057654074, "mape": 31.83898582407799}