{"model": "XGBoost", "mae": 0.2883729405383939, "mse": 0.09887413255885592, "rmse": 0.3144425743420505, "r2": -2.577623421768214, "directional_accuracy": 48.60834990059642, "mape": 33.99788873406925}