{"rf": {"rmse": 0.2972934797447742, "mae": 0.26984289256574134, "r2": -1.9528366950069316, "directional_accuracy": 48.807157057654074, "mape": 31.83898582407799}, "xgb": {"rmse": 0.3144425743420505, "mae": 0.2883729405383939, "r2": -2.577623421768214, "directional_accuracy": 48.60834990059642, "mape": 33.99788873406925}, "lstm": {"rmse": 0.021022397981176333, "mae": 0.017464286564021214, "r2": 0.9061599000618211, "directional_accuracy": 49.37044400265076, "mape": 1.9984129198325447}}